id,nombre,apellido,correo,ciudad
1,Hernán,Roca,artemioarevalo@hotmail.com,Lleida
2,Cecilia,Gordillo,matiascespedes@gmail.com,Asturias
3,Elena,Trujillo,calderonpatricio@hernandez.com,Navarra
4,Patricio,Martín,severianosastre@yahoo.com,Lleida
5,Aitor,Jerez,rupertasanz@gmail.com,Vizcaya
6,Gracia,Cortés,davilaamaya@yahoo.com,Asturias
7,Blas,Sevilla,melchorvilar@rebollo.es,Huesca
8,Conrado,Alcaraz,corderoimelda@yahoo.com,Segovia
9,Ricarda,Pera,guiomarhidalgo@figueras.com,Albacete
10,Jimena,Borrego,aprat@frias.es,Tarragona
11,Marino,Duque,monrealpaulina@hotmail.com,Valencia
12,Natividad,García,julieta78@hotmail.com,Sevilla
13,Pascuala,Asensio,gaguirre@ferran.es,Baleares
14,Máximo,Guillén,ariasfrancisca@perez-lerma.es,Lleida
15,Chucho,Gálvez,iborrateodoro@pol.com,Barcelona
16,Caridad,Trujillo,marinnelida@hotmail.com,Valladolid
17,Milagros,Expósito,fsantos@palau.net,Salamanca
18,Juan Antonio,Piñeiro,navarretelaura@hotmail.com,Madrid
19,Pedro,Herranz,lorenzo32@gmail.com,Asturias
20,Adriana,Elías,valerio87@hotmail.com,Ciudad
21,Vinicio,Arce,xboada@rodrigo.org,Guipúzcoa
22,Luisina,Aranda,luistrujillo@taboada.net,Asturias
23,Rafael,Belmonte,ynunez@gmail.com,Valladolid
24,Bárbara,Duque,candida24@yahoo.com,Murcia
25,Mariano,Saez,zamoraeufemia@gmail.com,Ceuta
26,Rosaura,Marqués,luis-miguel51@yahoo.com,Jaén
27,Ricardo,Villegas,miguel46@gallo.com,Granada
28,Quirino,Cárdenas,aguilamateo@gmail.com,La Coruña
29,Tadeo,Armas,oribes@gmail.com,Asturias
30,Luis,Salmerón,fidel31@gmail.com,Lugo
31,Selena,Valderrama,victoriavalentin@gmail.com,Pontevedra
32,Íñigo,Solera,ruy29@hotmail.com,Pontevedra
33,Piedad,Castellanos,yolive@morell-losada.com,Ceuta
34,Ramiro,Pombo,anitaferrando@ramon.es,Guipúzcoa
35,Esmeralda,Carvajal,maximinocollado@hotmail.com,Navarra
36,Reynaldo,Correa,belmonteana-sofia@trujillo-recio.com,Huesca
37,Ileana,Bolaños,ksaavedra@gmail.com,Las Palmas
38,Rogelio,Amador,clementina51@gmail.com,Málaga
39,Mauricio,Sierra,polfidela@dalmau-bueno.es,Palencia
40,Leandro,Molina,micaelarosado@coello-artigas.org,Cantabria
41,Chema,Nebot,anna20@alcazar.com,Ourense
42,Gilberto,Caro,rioponcio@real.es,Jaén
43,Sandalio,Urrutia,elianabarros@paniagua.net,León
44,Úrsula,Batalla,adan16@tenorio.es,Jaén
45,Aitor,Galán,rpastor@hotmail.com,Salamanca
46,Leyre,Parejo,esther47@yahoo.com,Lugo
47,Ofelia,Gómez,teodosio11@valls.es,Huesca
48,Federico,Donoso,cayetanacollado@hotmail.com,Soria
49,Severiano,Giralt,caminorufino@yahoo.com,Granada
50,José Antonio,Rius,aitorjordan@sarabia.es,Melilla
51,Claudio,Doménech,valero61@carro-aranda.net,Baleares
52,Geraldo,Flores,remigio27@yahoo.com,Melilla
53,Florencio,Naranjo,zriba@alfonso-sanz.es,Burgos
54,Luís,Somoza,jalmansa@agullo-cardenas.com,Barcelona
55,Sebastián,Marquez,jelias@gmail.com,Álava
56,Clímaco,Toledo,dorita07@toro.net,Alicante
57,Juan Manuel,Aragón,wisern@gmail.com,Soria
58,Severino,Bautista,eligiaroig@hotmail.com,Ceuta
59,Mario,Amaya,amada53@escamilla-alberto.es,Girona
60,Eliana,Julián,barriosascension@yahoo.com,Zaragoza
61,Jose Antonio,Garay,tmontes@hotmail.com,Toledo
62,Gonzalo,Sandoval,vmayoral@yahoo.com,Tarragona
63,Renato,Pelayo,martinezgerman@iborra.es,Cantabria
64,Brunilda,Almagro,carrilloignacia@salom-roda.es,Cuenca
65,Pepe,Garcés,cburgos@tapia-requena.es,Palencia
66,Benigna,Gomez,etelvinamesa@hotmail.com,Málaga
67,Isa,Figueras,saludaragones@gmail.com,Cádiz
68,Elodia,Piñeiro,rmorillo@campo.com,Badajoz
69,Rodolfo,Calatayud,tamaramontserrat@egea.es,Ávila
70,Fernando,Herrero,carboarcelia@gmail.com,Castellón
71,Margarita,Figueras,antunezapolonia@gmail.com,Vizcaya
72,Roberto,Rius,jcrespi@gmail.com,Sevilla
73,Marco,Dominguez,juan97@ballesteros.com,León
74,Ámbar,Rius,clarisa37@hotmail.com,La Rioja
75,Gerónimo,Robles,salcedoseverino@hotmail.com,Santa Cruz de Tenerife
76,Eusebia,Samper,arevalocarmelo@amores.es,Cádiz
77,Godofredo,Barranco,mirtavall@pareja.com,Navarra
78,Estela,Agustí,tamaratorrent@morillo.com,Ceuta
79,Tadeo,Tejada,olivermirta@blanes.net,Granada
80,Luz,Baró,albertosalamanca@pinedo.es,Córdoba
81,Ramiro,Villanueva,jenny05@gmail.com,Asturias
82,Tiburcio,Casal,jacintoescobar@angulo.com,Granada
83,Baudelio,Paniagua,qllabres@gmail.com,León
84,Amando,Reguera,jlinares@julian-sedano.org,Cádiz
85,Anselmo,Cabañas,iaparicio@pedrosa-oliveras.com,Segovia
86,Amor,Maza,aurea22@sola-camara.net,Cáceres
87,Jonatan,Prado,alebou@torre.com,La Rioja
88,Narciso,Isern,vblazquez@hotmail.com,Lugo
89,Reyna,Luján,prequena@hotmail.com,Cáceres
90,Maite,Avilés,salvarez@tenorio.es,Palencia
91,Celestino,Sacristán,ppaz@estrada.org,Ceuta
92,Chuy,Cerdá,ainoa66@gmail.com,Las Palmas
93,Itziar,Cobos,teresa70@arco.es,Albacete
94,Jenaro,Abad,enrique49@pujadas-calvo.net,Barcelona
95,Heriberto,Escudero,auragallego@gmail.com,Cuenca
96,Jeremías,Sola,vdominguez@escolano-ocana.es,La Coruña
97,Sara,Santana,zaira44@yahoo.com,Teruel
98,Miguela,Coloma,moises46@yahoo.com,Burgos
99,Itziar,Carbó,fsobrino@hotmail.com,Zamora
100,Marcio,Sáenz,noriegapio@gmail.com,Ávila
