id,nombre,apellido,correo,ciudad,fecha_extraccion
1,Marianela,Colomer,iricart@hotmail.com,Valladolid,2025-05-25T18:28:33.947592
2,Elpidio,Salvà,monterojose@yahoo.com,Álava,2025-05-25T18:28:33.947592
3,Ruben,Alarcón,maximino54@hotmail.com,Guadalajara,2025-05-25T18:28:33.947592
4,Remigio,Barranco,montenegrodesiderio@vilar.com,Almería,2025-05-25T18:28:33.947592
5,Saturnino,Calvet,esperanza65@yahoo.com,Vizcaya,2025-05-25T18:28:33.947592
6,Marcial,Alba,dancarmona@cuervo.es,Zaragoza,2025-05-25T18:28:33.947592
7,Gregorio,Roda,palaciosadelaida@hotmail.com,Zaragoza,2025-05-25T18:28:33.947592
8,Conrado,Alcalá,xalcolea@ortiz.org,Cuenca,2025-05-25T18:28:33.947592
9,Zaida,Marín,lborrego@yahoo.com,Melilla,2025-05-25T18:28:33.947592
10,Octavio,Solera,ambrosio35@gmail.com,La Rioja,2025-05-25T18:28:33.947592
11,Luciano,López,eustaquio16@yahoo.com,Segovia,2025-05-25T18:28:33.947592
12,Lucio,Muro,judith67@nogueira.org,Ceuta,2025-05-25T18:28:33.947592
13,Hernando,Arribas,donairevaleria@gmail.com,Vizcaya,2025-05-25T18:28:33.947592
14,Leticia,Ayllón,ptapia@yahoo.com,Girona,2025-05-25T18:28:33.947592
15,Pastor,Cortés,avila@uriarte-barroso.com,Valencia,2025-05-25T18:28:33.947592
16,Roque,Peralta,santamariaisidoro@amaya.es,Toledo,2025-05-25T18:28:33.947592
17,Sosimo,Blasco,elpidiorozas@hotmail.com,Castellón,2025-05-25T18:28:33.947592
18,Roque,Barrena,iaranda@benavente-galvez.es,Zamora,2025-05-25T18:28:33.947592
19,Valerio,Izquierdo,ximenamanuel@hotmail.com,Ceuta,2025-05-25T18:28:33.947592
20,Florina,Luque,uriaaurelio@verdugo.com,La Coruña,2025-05-25T18:28:33.947592
21,Nadia,Campo,ibas@mariscal-verdu.com,Castellón,2025-05-25T18:28:33.947592
22,Macaria,Heredia,xribas@boada.es,Almería,2025-05-25T18:28:33.947592
23,Fortunato,Álvarez,ssalinas@gmail.com,Cantabria,2025-05-25T18:28:33.947592
24,Alondra,Tovar,emigdio86@yahoo.com,Santa Cruz de Tenerife,2025-05-25T18:28:33.947592
25,Agustín,Belmonte,yzurita@yahoo.com,Lleida,2025-05-25T18:28:33.947592
26,Raquel,Macías,vvalverde@hotmail.com,Burgos,2025-05-25T18:28:33.947592
27,Lino,Ballester,wlaguna@gmail.com,Navarra,2025-05-25T18:28:33.947592
28,Aura,Mata,ciprianoaparicio@yahoo.com,Zamora,2025-05-25T18:28:33.947592
29,Cirino,Zabaleta,alex63@atienza.com,Zaragoza,2025-05-25T18:28:33.947592
30,Miriam,Gracia,mansoezequiel@cabeza-alsina.es,Jaén,2025-05-25T18:28:33.947592
31,Severino,Arévalo,gaston77@yahoo.com,Ourense,2025-05-25T18:28:33.947592
32,Bibiana,Pintor,aristides05@almeida.es,Valladolid,2025-05-25T18:28:33.947592
33,Efraín,Ojeda,rosa-maria13@fortuny.es,Jaén,2025-05-25T18:28:33.947592
34,Ligia,Toro,jfeliu@hotmail.com,La Rioja,2025-05-25T18:28:33.947592
35,Yago,Gual,dechevarria@gmail.com,Salamanca,2025-05-25T18:28:33.947592
36,Celso,Pedro,zamoraricardo@hotmail.com,La Coruña,2025-05-25T18:28:33.947592
37,Ruy,Torrent,benitablanca@gmail.com,Melilla,2025-05-25T18:28:33.947592
38,Timoteo,Jordán,arranzjulie@donoso.com,Lleida,2025-05-25T18:28:33.947592
39,Emelina,Villa,hreig@gmail.com,Huelva,2025-05-25T18:28:33.947592
40,Pastora,Batlle,torrensisaac@gmail.com,Pontevedra,2025-05-25T18:28:33.947592
41,Renato,Ribas,equintanilla@barcena.com,Lugo,2025-05-25T18:28:33.947592
42,René,Perales,catalansaturnino@soler-atienza.es,Soria,2025-05-25T18:28:33.947592
43,Primitiva,Losa,miriam78@vargas.com,Almería,2025-05-25T18:28:33.947592
44,Hugo,Amo,feijooamada@hotmail.com,Valencia,2025-05-25T18:28:33.947592
45,Baldomero,Parejo,bernarditamadrid@hotmail.com,La Coruña,2025-05-25T18:28:33.947592
46,Malena,Galindo,cmiralles@mugica-torrents.com,Jaén,2025-05-25T18:28:33.947592
47,Teófilo,Badía,decheverria@bartolome-adan.com,Cádiz,2025-05-25T18:28:33.947592
48,Isidora,Cañellas,ismael54@pallares.es,Alicante,2025-05-25T18:28:33.947592
49,Odalys,Crespo,benitezraquel@agudo.com,Huelva,2025-05-25T18:28:33.947592
50,Elisa,Avilés,nydiarios@hotmail.com,Tarragona,2025-05-25T18:28:33.947592
